,Gen,tipo,EXON,var-gen,var-prot,Impacto,Tiene otra?
1,BRCA2,SNP,11,c.2504C>T,p.(Pro835Leu),VUS,
2,BRCA1,SNP,11,c.4183C>T,p.(Gln1395Ter),P,
10,BRCA1,SNP,11,c.4183C>T,p.(Gln1395Ter),P,
15,BRCA1,Intron,1,c.-19-115T>C,,B,
18,BRCA1,SNP,10,c.4042G>T,p.(Gly1348Ter),P,SI
19,BRCA1,DUP,20,c.5329dup,,P,SI
31,BRCA2,SNP,,c.8851G>A,p.(Ala2951Thr),B,
41,BRCA1,SNP,,c.4900A>G,p.(Arg1634Gly),VUS,SI
44,BRCA1,SNP,,c.4159T>C,p.(Ser1387Pro),VUS,
56,BRCA2,SNP,,c.7397T>C,p.(Val2466Ala),VUS,
70,BRCA1,SNP,11,c.4183C>T,p.(Gln1395Ter),P,
71,BRCA1,SNP,11,c.4183C>T,p.(Gln1395Ter),P,
81,BRCA1,SNP,,c.4900A>G,p.(Arg1634Gly),VUS,SI
83,BRCA1,SNP,,c.4900A>G,p.(Arg1634Gly),VUS,SI
85,BRCA1,SNP,10,c.2612C>T,p.(Pro871Leu),B,
87,VHL,SNP,3,c.499C>T,p.(Arg167Trp),P,
89,BRCA2,Intron,,c.-26G>A,,B,SI
96,BRCA1,SNP,12,c.4159T>C,p.(Ser1387Pro),VUS,
98,ATM,SNP,,c.8561G>A,p.(Arg2854His),VUS,
110,APC,DEL,,c.3927_3931del,p.(Glu1309Aspfs*4),P,
112,BRCA2,SNP,10,c.1114A>C,p.(Asn372His),B,SI
113,BRCA1,Intron,,c.442-34C>T,,B,SI
117,BRCA2,SNP,10,c.1114A>C,p.(Asn372His),B,SI
118,KRAS,SNP,2,c.34G>A,p.(Gly12Ser),P,
119,MUTYH,SNP,12,c.1141G>T,p.(Gly381Trp),VUS,
121,BRCA1,SNP,,c.1687C>T,p.(Gln563Ter),P,
124,BRCA1,SNP,10,c.3548A>G,p.(Lys1183Arg),B,
129,BRCA1,SNP,,c.1687C>T,p.(Gln563Ter),P,
132,RAD51C,SNP,4,c.656T>C,p.(Leu219Ser),PP,SI
134,BRCA2,SNP,14,c.7397T>C,p.(Val2466Ala),VUS,SI
137,BRCA2,SNP,10,c.1114A>C,p.(Asn372His),B,SI
146,BRCA2,SNP,10,c.1054T>C,p.(Tyr352His),VUS,SI
147,BRCA2,SNP,10,c.1114A>C,p.(Asn372His),B,SI
149,BRCA1,SNP,10,c.2612C>T,p.(Pro871Leu),B,SI
150,BRCA2,SNP,10,c.1114A>C,p.(Asn372His),B,SI
152,BRCA2,SNP,14,c.7397T>C,p.(Val2466Ala),VUS,SI
157,BRCA1,SNP,10,c.2612C>T,p.(Pro871Leu),B,SI
158,BRCA2,SNP,10,c.1114A>C,p.(Asn372His),B,SI
159,BRCA1,SNP,10,c.2612C>T,p.(Pro871Leu),B,SI
160,BRCA2,SNP,14,c.7397T>C,p.(Val2466Ala),VUS,SI
162,BRCA2,SNP,10,c.1114A>C,p.(Asn372His),B,SI
163,BRCA1,SNP,10,c.2612C>T,p.(Pro871Leu),B,SI
164,BRCA1,SNP,10,c.2612C>T,p.(Pro871Leu),B,SI
167,BRCA1,SNP,10,c.3454G>A,p.(Asp1152Asn),VUS,SI
168,BRCA2,SNP,10,c.1114A>C,p.(Asn372His),B,SI
170,BRCA1,SNP,10,c.3640G>A,p.(Glu1214Lys),B,SI
174,BRCA1,SNP,10,c.2612C>T,p.(Pro871Leu),B,SI
175,BRCA2,SNP,22,c.8942A>G,p.(Glu2981Gly),PB,SI
180,BRCA2,SNP,14,c.7397T>C,p.(Val2466Ala),VUS,SI
182,DICER1,SNP,23,c.4949T>G,p.(Phe1650Cys),VUS,
184,ATM,SNP,16,c.2449,p.(Asp817Asn),VUS,
186,BRCA1,SNP,10,c.2612C>T,p.(Pro871Leu),B,SI
187,BRCA1,SNP,10,c.2612C>T,p.(Pro871Leu),B,SI
188,BRCA1,SNP,10,c.3119G>A,p.(Ser1040Asn),B,SI
192,BRCA2,DEL,10,c.1138delA,p.(Ser380fs),P,
194,BRCA2,SNP,14,c.7397T>C,p.(Val2466Ala),VUS,SI
195,CDKN2A,SNP,2,c.221A>C,p.(Asp74Ala),VUS,SI
197,BRCA1,SNP,4,c.181T>G,p.(Cys61Gly),P,SI
199,BRCA2,SNP,14,c.7397T>C,p.(Val2466Ala),VUS,SI
200,BRCA1,SNP,15,c.4837A>G,p.(Ser1613Gly),B,SI
208,BRCA2,SNP,10,c.1114A>C,p.(Asn372His),B,SI
209,BRCA2,SNP,10,c.1483G>A,p.(Ala495Thr),VUS,SI
210,BRCA2,SNP,7,c.565G>T,p.(Asp189Tyr),VUS,SI
214,BRCA1,SNP,16,c.5005G>T,p.(Ala1669Ser),VUS,SI
217,BRCA1,SNP,10,c.2612C>T,p.(Pro871Leu),B,SI
219,BRCA1,DEL,11,c.4165_4166del,p.(Ser1398*),P,
221,RAD51C,SNP,,c.656T>C,p.(Leu219Ser),PP,SI
222,RAD51C,SNP,,c.656T>C,p.(Leu219Ser),PP,SI
223,BRCA1,SNP,15,c.4837A>G,p.(Ser1613Gly),B,SI
225,BRCA1,SNP,10,c.2612C>T,p.(Pro871Leu),B,SI
227,MSH2,SNP,13,c.2038C>T,p.(Arg680*),P,
231,MLH1,DEL,7,c.588delA,p.(Lys196fs),P,
232,BRCA2,SNP,10,c.1483G>A,p.(Ala495Thr),VUS,
234,BRCA1,SNP,10,c.2612C>T,p.(Pro871Leu),B,SI
236,BRCA2,DEL,,c.5946del,p.(Ser1982ArgfsTer22),P,
240,BRCA1,SNP,10,c.2612C>T,p.(Pro871Leu),B,SI
241,RET,SNP,11,c.2071G>A,p.(Gly691Ser),B,
243,BRCA2,SNP,22,c.8851G>A,p.(Ala2951Thr),B,SI
245,BRCA1,SNP,20,c.1067A>G,p.(Gln356Arg),B,SI
246,PMS2,SNP,5,c.482A>G,p.(Gln161Arg),VUS,SI
253,BRIP1,Intron,,c.93+1G>T,,P,
254,BRCA2,SNP,11,c.5096A<G,p.(Asp1699Gly),VUS,
256,BRCA1,SNP,10,c.3548A>G,p.(Lys1183Asn),VUS,SI
258,NBN,SNP,3,c.283G>A,p.(Asp95Asn),VUS,SI
260,ATM,SNP,,c.2289T>A,p.(Phe763Leu),VUS,SI
261,BRCA1,SNP,10,c.2612C>T,p.(Pro871Leu),B,SI
266,BRCA1,SNP,4,c.181T>G,p.(Cys61Gly),P,SI
269,NF1,SNP,,c.6772C>T,p.(Arg2258Ter),P,
270,MUTYH,SNP,11,c.943G>A,p.(Val315Met),VUS,SI
271,POLE,SNP,8,c.755C>T,p.(Ala252Val),B,
273,PMS2,SNP,11,c.1501G>A,p.(Val501Met),VUS,
275,BRCA1,DUP,,c.5266dup,p.(Gln1756ProfsTer74),P,
278,RECQL4,SNP,,c.1151G>A,p.(Arg384Gln),VUS,
281,BRCA1,SNP,,c.5057T>A,p.(Val1686Glu),VUS,SI
282,POLE,SNP,41,c.5659G>A,p.(Val188Met),VUS,
287,MLH1,SNP,4,c.350C>T,p.(Thr117Met),P,
289,MSH6,SNP,5,c.3259C>T,p.(Pro108Ser),VUS,SI
292,BRCA1,SNP,10,c.2612C>T,p.(Pro871Leu),B,SI
293,BRCA1,SNP,10,c.2612C>T,p.(Pro871Leu),B,SI
295,APC,SNP,14,c.5927A>T,p.(Asp1976Val),VUS,
296,POLE,SNP,8,c.755C>T,p.(Ala252Val),B,
302,TP53,SNP,10,c.1010C>A,p.(Arg337His),P,
303,BARD1,SNP,,c.2041G>A,p.(Gly681Arg),VUS,
304,PALB2,SNP,4,c.813T>A,p.(Ser271Arg),VUS,
306,BRCA1,DEL,"5,6,2007",,,,SI
311,BARD1,SNP,4,c.1247T>G,p.(Leu416Arg),VUS,SI
312,,,,,,Negativo,
315,,,,,,Negativo,
316,,,,,,Negativo,
317,,,,,,Negativo,
322,CHEK2,DEL,,c.1229del,p.(Thr410Metfs*15),P,NO
323,,,,,,Negativo,
325,,,,,,Negativo,
326,,,,,,Negativo,
327,BRCA2,DEL,,c.1138del,p.(Ser380ValfsTer19),P,NO
328,BRCA2,DEL,,c.1138del,p.(Ser380ValfsTer19),P,NO
329,POLE,SNP,,c.4942G>A,p.(Glu1648Lys),VUS,
330,,,,,,Negativo,
332,APC,SNP,,c.8419T>^C,p.(Ser2807Pro),P,SI
338,,,,,,Negativo,
341,BRCA1,SNP,4,c.181T>G,p.(Cys61Gly),P,SI
345,,,,,,,
347,,,,,,Negativo,
348,,,,,,Negativo,
349,,,,,,Negativo,
350,MUTYH,SNP,,c.536 A>G,p.(Tyr179Cys),P,
354,CDKN2A,SNP,,c.*10C>T,p.(14ARF),VUS,
357,,,,,,Negativo,
359,,,,,,Negativo,
364,,,,,,Negativo,
365,MUTYH,SNP,,c.1187G>A,p.(Gly396Asp),P,SI
366,MUTYH,SNP,,c.1187G>A,p.(Gly396Asp),P,SI
368,,,,,,Negativo,
370,,,,,,Negativo,
372,BRCA1,DUP,19,c.5329dup,p.(Gln1777Profs*74),P,NO
373,FANCC,DEL,,c.507del,P.(Phe169Leufs*25),PP,NO
374,,,,,,Negativo,
376,BRCA1,SNP,11,c.4165_4166del,p.(Ser1389*),P,SI
377,,,,,,Negativo,
378,MUTYH,SNP,,c.536A>G,p.(Tyr179Cys),P,NO
379,,,,,,Negativo,
381,,,,,,Negativo,
382,MSH6,SNP,4,c.892C>T,p.(Arg298*),P,
384,,,,,,Negativo,
385,,,,,,Negativo,
388,CDKN2A,SNP,2,c.221A>C,p.(Asp74Ala),VUS,
389,,,,,,Negativo,
391,CHEK2,DEL,12,c.1229del,p.(Thr410Metfs*15),P,
395,BRCA1,SNP,,c.181T>G,p.(Cys61Gly),P,
396,,,,,,Negativo,
398,CDKN2A,SNP,2,c.221A>C,p.(Asp74Ala),VUS,NO
402,BRCA2,SNP,10,c.1114A>C,p.(Asn372His),PB,SI
403,ATM,SNP,63,c.9086G>A,p.(Gly3029Asp),VUS,NO
405,,,,,,Negativo,
407,APC,DEL,,c.3927_3931del,p.(Glu1309Aspfs*4),P,NO
408,,,,,,Negativo,
409,,,,,,Negativo,
410,,,,,,Negativo,
411,,,,,,,
413,,,,,,Negativo,
414,BRCA2,DEL,11,c.2808_2811del,p.(Ala938Profs*21),P,SI
416,POLE,DEL,46,c.6445C>T,p.(Arg2149Cys),VUS,
419,RAD51C,INT,,c.965+5G>A,,PP,
420,SDHB,SNP,,c.559A>G,p.(Ile187Val),VUS,SI
421,,,,,,Negativo,
424,POLE,SNP,8,c.555C>T,p.(Ala252Val),PP,
425,,,,,,Negativo,
426,POLE,SNP,46,c.6445C>T,p.(Arg2149Cys),VUS,
429,APC,DUP,14,c.4129dup,p.(Ser1377Lysfs*3),P,NO
431,,,,,,Negativo,
432,HFE,SNP,,c.187C>G,(p.His63Asp),P,NO
437,POLE,SNP,14,c.1468G>A,p.(Asp490Asn),VUS,SI
440,RECQL4,SNP,,c.2590C>T,p.(Gln864Ter),P,SI
443,MSH2,SNP,,c.55T>G,p.(Phe19Leu),VUS,NO
445,APC,SNP,14,c.2786G>T,p.(Cys929Phe),VUS,NO
447,,,,,,Negativo,
449,NFf,DEL,20,c.2388del,p.(Ala797Profs*24),P,NO
451,,,,,,Negativo,
454,CHEK2,DEL,,c.1229del,p.(Ser380fs),Negativo,NO
455,,,,,,Negativo,
457,NTHL1,SNP,,c.244C>T,p.(Gln82Ter),P,NO
458,MSH3,SNP,,c.2732T>G,P.(Leu911Trp),VUS,SI
460,CDKN2A,SNP,2,c.221A>C,p.(Asp74Ala),VUS,NO
464,PMS2,SNP,8,c.857A>G,p.(Asp286Gly),VUS,NO
467,ATM,SNP,41,c.6067G>A,p.(Gly2023Arg),VUS,NO
468,MSH2,SNP,7,,,P,
469,ATM,SNP,,c.4148C>T,p.(Ser1383Leu),VUS,SI
470,BRCA1,SNP,,c.1687C>T,p.(Gln563Ter),P,NO
475,MUTYH,SNP,,c.536A>G,p.(Tyr179Cys),P,NO
479,,,,,,Negativo,
480,NBN,SNP,7,c.832T>G,p.(Ser278Ala),VUS,NO
481,APC,DEL,16,c.3927_3931del,p.(Glu1309Aspfs*4),P,P
484,ATM,DUP,,c.4523dup,p.(Tyr1508fs*),PP,
485,,,,,,Negativo,
487,CHEK2,INT,,c.573+1G>A,,P,
488,BRAF,,15,c.1799T>A,p.(Val600Glu),,
490,APC,SNP,14,c.7104G>C,p.(Lys2368Asn),VUS,
492,PALB2,DEL,4,c.509_510,p.(Arg170IlefsTer14),P,SI
493,,,,,,Negativo,
495,ATM,SNP,54,c.2569AZ>G,p.(Ile857Val),VUS,SI
499,,,,,,Negativo,
500,POLE,SNP,18,c.2021A>C,p.(Glu674Ala),VUS,SI
501,,,,,,Negativo,
502,PALB2,DEL,11,c.(3048_3168)_(3287_3391)del,,,
507,ATM,SNP,,c.5089A>G,p.(Thr1697Ala),VUS,SI
508,,,,,,Negativo,
511,,,,,,,Negativo
515,PALB2,DEL,,c.509_510del,p.(Arg170fs),P,NO
516,,,,,,,
517,,,,,,Negativo,
518,PALB2,DEL,11,c.(3048_3168)_(3168_3287)del,,P,Negativo
521,,,,,,Negativo,
522,,,,,,Negativo,
524,CHEK2,SNP,3,c.349A>G,p.(Arg117Gly),P,
528,CHEK2,SNP,2,c.73G>A,p.(Val25Ile),VUS,SI
529,,,,,,Negativo,
530,BRCA1,INS,22,c.5463_5464insT,p.(His1822Serfs*8),P,SI
531,NF1,SNP,,c.3394C>T,p.(Arg1132Cys),VUS,
532,,,,,,Negativo,
533,,,,,,Negativo,
535,,,,,,Negativo,
536,,,,,,Negativo,
537,,,,,,Negativo,
539,BRCA1,SNP,4,c.181T>G,p.(Cys61Gly),P,
540,NBN,SNP,11,c.1591A>G,(p.Ile531Val),VUS,
541,,,,,,Negativo,
542,,,,,,Negativo,
543,SDHB,DEL,,c.166_170del,p.Pro56fs,P,
548,PALB2,INS,,c.788_789insCCAGATAGCGGTAGTAGTCAGCACCTTGA,p.(Glu263Aspfs*26),PP,
552,APC,ARR,5,,,VUS,
553,CHEK2,INT,,c.444+3G>A,,VUS,
562,BRCA2,DEL,,c.1333del,p.(Ser455Leufs*15),PP,
570,MUTYH,SNP,,c.1187G>A,p.(Gly396Asp),P,
571,MUTYH,SNP,,c.1187G>A,p.(Gly396Asp),P,
580,PALB2,DEL,,c.172_175del,p.(Gln60Argfs*7),P,
583,ATM,SNP,28,c.4148C>T,(p.Ser1383Leu),VUS,
585,GALNT12,SNP,6,c.1108C>T,(p.Pro370Ser),VUS,
586,PALB2,SNP,,c.1653T>A,p.(Tyr551*),PP,
592,NTHL1,SNP,,c.78G>T,p.(Glu26Asp),VUS,
593,BMPR1A,SNP,6,c.418C>T,p.(Pro140Ser),VUS,
602,BMPR1A,SNP,,c.1263C>G,(p.His421Gln),VUS,
604,BRCA2,SNP,,c.6019A>G,p.(Thr2007Ala),VUS,
608,BRCA1,DEL,11,c.4165_4166delAG,p.(Ser1389*),P,
619,BRCA1,DUP,,c.5329dup,p.(Gln1777Pro),P,
644,MSH6,SNP,4,c.1729C>T,(p.Arg577Cys),VUS,
647,MLH1,SNP,2,c.199G>A,p.(Gly67Arg),P,
692,BRCA1,SNP,,c.4484G>T,p.(Arg1495Met),P,
